id;nombre;precio;existencia;max;min;ventas_dia;ventas_mes;ventas_a¤o
1;Milk - 1%;109.36;7606;8215;9720;77;270;9352
2;Chicken - Livers;391.6;3527;8348;5787;88;237;2919
3;Cake - Night And Day Choclate;409.33;7859;9012;6714;19;792;3097
4;Quail - Whole, Bone - In;186.48;79;8782;4740;62;708;9608
5;Blackberries;445.61;1066;1912;6116;77;761;7823
6;Dates;47.68;4655;145;5101;86;672;5182
7;Pork - Back Ribs;422.0;1599;6316;3393;74;605;7000
8;Chocolate - Milk, Callets;627.13;7777;8290;5667;18;381;9938
9;Wine - Jaboulet Cotes Du Rhone;523.4;9320;7603;1114;74;725;7114
10;Bar Energy Chocchip;816.18;477;2197;9029;47;337;1307
11;Lamb - Shoulder;153.1;3937;9898;8731;20;285;9972
12;Bread - Bistro White;905.59;3081;587;1185;86;992;9446
13;The Pop Shoppe - Root Beer;705.15;304;1382;9969;50;478;7983
14;Wine - Prem Select Charddonany;165.66;709;4604;850;50;768;1990
15;Madeira;142.43;8639;4730;934;90;809;3240
16;Beef - Inside Round;880.48;9302;9879;2994;86;987;4919
17;Tomatoes - Grape;942.59;375;2337;6821;48;611;9270
18;Gingerale - Diet - Schweppes;819.5;890;9576;3030;58;388;3347
19;Nectarines;306.24;6682;2899;9745;79;487;7526
20;Chinese Foods - Chicken Wing;734.26;4654;466;8463;14;153;3207
21;Wasabi Powder;973.86;3791;3183;6297;24;505;2691
22;Veal - Eye Of Round;146.25;5231;5336;2393;89;126;8799
23;Soup - Campbells Tomato Ravioli;214.3;4758;7744;8992;87;174;5027
24;Wine - Placido Pinot Grigo;365.81;7530;1263;2762;36;981;1075
25;Chocolate - Unsweetened;167.81;4117;9440;3808;99;396;9161
26;Soup - Campbells Chicken;877.64;2250;6811;8406;38;785;7522
27;Chestnuts - Whole,canned;896.65;7090;7664;3905;23;414;4556
28;Cassis;99.67;6907;4961;5139;81;270;1635
29;Ranchero - Primerba, Paste;520.39;1770;1019;7479;14;314;5828
30;Squid - Breaded;188.41;8375;9680;6643;60;866;3956
31;Loquat;596.18;5684;7066;3590;45;496;4469
32;Vermouth - White, Cinzano;543.37;8977;8168;134;55;709;1972
33;Wine - Sauvignon Blanc;588.6;211;888;1613;69;150;4416
34;Wine - Red, Cabernet Merlot;212.75;8009;2791;9038;57;356;7210
35;Glaze - Clear;569.84;9331;2165;9951;80;488;3737
36;Beer - Rickards Red;593.46;3245;4762;5240;47;315;4114
37;Cheese - Provolone;463.76;373;5413;329;34;621;1424
38;Pastry - Carrot Muffin - Mini;624.14;1012;8309;4617;79;501;8940
39;Mix - Cocktail Strawberry Daiquiri;240.26;8088;1760;7976;60;970;7908
40;Flour - Buckwheat, Dark;18.46;1670;2690;4003;44;163;3213
41;Quail - Jumbo;284.36;6282;3415;3244;25;921;2581
42;Soup - Campbells - Tomato;534.36;898;7242;6445;60;537;1171
43;Grapefruit - Pink;679.83;7162;4253;6798;71;842;7795
44;Chicken - Livers;603.66;919;831;1819;54;938;7234
45;Quinoa;235.7;5733;1775;1171;84;329;9455
46;Cake - Sheet Strawberry;955.69;7482;8218;3490;60;816;9630
47;Arizona - Green Tea;740.92;3539;6672;9434;90;694;1319
48;Oil - Coconut;158.66;6330;1480;9172;97;639;5795
49;Milk - Skim;352.4;1850;1967;9069;66;995;9954
50;Molasses - Fancy;713.45;2137;3804;8494;29;474;2223
51;Langers - Mango Nectar;833.3;831;9005;4510;91;331;6046
52;Soupcontfoam16oz 116con;176.93;4894;7256;2631;13;523;7180
53;Dehydrated Kelp Kombo;357.05;9080;6138;1124;56;274;8790
54;Wine - Rosso Del Veronese Igt;146.43;6942;5844;5756;81;941;1748
55;Frangelico;35.81;1881;1709;9609;40;513;3070
56;Glass - Juice Clear 5oz 55005;733.47;9993;123;1126;26;828;5641
57;Cake - Dulce De Leche;287.24;4836;3018;1372;55;746;8262
58;Bread - Sticks, Thin, Plain;325.96;467;8672;7383;47;565;2306
59;Bread - White, Sliced;300.72;918;5369;6246;38;655;1777
60;Cheese - Marble;646.13;2996;1994;2877;25;750;4878
61;Swiss Chard - Red;2.07;1250;9954;3046;38;190;7508
62;Pepper - Chillies, Crushed;545.64;6201;3288;2826;76;322;4674
63;Wine - Cave Springs Dry Riesling;913.43;2660;3330;6143;49;700;5844
64;Chevere Logs;219.87;3380;8683;6664;82;260;7742
65;Plasticknivesblack;511.04;6290;3258;630;18;592;9721
66;Pate - Peppercorn;792.57;3157;7465;3325;59;452;9248
67;Pasta - Orecchiette;266.81;8664;7231;6823;75;216;4100
68;Oil - Pumpkinseed;253.34;5389;3996;9332;41;969;5626
69;Pastry - Chocolate Marble Tea;65.94;6643;3685;2660;12;632;9161
70;Knife Plastic - White;585.04;4892;4698;5524;95;572;2030
71;Energy Drink - Redbull 355ml;774.38;6185;4991;2779;49;513;2625
72;Cake - Pancake;510.92;6750;5145;4331;78;874;2370
73;Pasta - Angel Hair;17.96;9085;9722;5888;91;159;4710
74;Pork - Bones;13.88;8962;3283;8877;21;471;9445
75;Cookies Oatmeal Raisin;842.66;2622;509;6131;25;406;6083
76;Coffee - 10oz Cup 92961;370.66;3319;245;3662;75;509;7056
77;Chocolate Bar - Reese Pieces;782.45;6239;2220;3785;70;455;1675
78;Tomatillo;636.61;5752;774;3975;78;418;5871
79;Ham - Cooked;752.57;6687;8017;9910;47;502;6914
80;Wine - Chablis J Moreau Et Fils;335.36;7796;1010;6986;44;753;4239
81;Sea Bass - Whole;514.45;8283;4188;8023;11;669;4380
82;Wine - Carmenere Casillero Del;479.99;6493;3835;7433;36;709;4482
83;Tabasco Sauce, 2 Oz;219.51;7461;3827;2757;84;111;1180
84;Dried Figs;957.0;2540;6340;1140;44;849;1432
85;Vodka - Lemon, Absolut;657.55;6758;7058;4847;99;628;2564
86;Cookie Choc;995.54;8386;6557;5700;16;978;6376
87;Bread - Raisin Walnut Oval;294.51;9805;489;3258;68;775;5191
88;Pastry - Mini French Pastries;317.5;3272;3580;4398;38;802;7165
89;Table Cloth 62x114 Colour;112.25;8203;9411;2907;99;648;1410
90;Croissant, Raw - Mini;857.51;7477;2131;3443;95;494;2109
91;Shrimp - 16 - 20 Cooked, Peeled;667.84;9195;3225;3448;48;361;7685
92;Fuji Apples;781.07;8690;1314;4920;78;1000;8685
93;Kiwi;165.78;3456;3045;9718;89;508;1353
94;Puree - Strawberry;734.98;1532;2906;5882;36;443;4711
95;Ice Cream Bar - Hagen Daz;761.83;9059;9689;3169;37;164;9189
96;Beef - Short Loin;738.4;8803;5887;6296;81;932;2438
97;Bouq All Italian - Primerba;478.89;1158;7925;2450;58;652;8068
98;Assorted Desserts;238.96;4640;8140;3820;41;822;5126
99;Beef - Bones, Marrow;693.63;2565;1411;8268;56;384;8054
100;Creme De Menthe Green;736.76;8123;6979;9778;44;823;4293
101;Apple - Royal Gala;849.73;7558;151;1511;82;562;7777
102;Nut - Walnut, Chopped;444.62;5470;3716;590;25;926;4570
103;Bread - Pain Au Liat X12;349.18;3179;846;172;32;689;3855
104;Wine - Ej Gallo Sierra Valley;7.56;2008;5770;3261;83;627;4356
105;The Pop Shoppe - Grape;733.82;9996;2642;5480;41;903;2217
106;Lettuce - Romaine;636.34;220;5495;6254;30;196;8194
107;Veal - Chops, Split, Frenched;693.88;765;4963;7232;21;482;1205
108;Pastry - Apple Large;28.25;9665;5344;2547;15;952;7901
109;Beef - Eye Of Round;218.3;9342;2706;423;22;282;1928
110;Gooseberry;11.16;5488;9812;4987;17;817;6096
111;Iced Tea Concentrate;135.58;7189;2294;6117;57;560;4677
112;Pie Filling - Pumpkin;50.92;668;2255;5416;31;263;9281
113;Grapes - Black;42.08;9714;4956;9872;29;797;1871
114;Oil - Canola;390.7;5826;1116;9406;22;480;3986
115;Lychee - Canned;921.27;5422;2034;612;55;762;8559
116;Devonshire Cream;995.77;2926;3532;7203;23;664;7988
117;Cheese - Perron Cheddar;603.33;7109;3374;5942;22;888;7932
118;Ecolab - Hobart Washarm End Cap;562.67;3790;8501;1116;40;790;4843
119;Thyme - Dried;160.87;754;5126;434;39;691;2294
120;Tortillas - Flour, 10;676.81;6604;3488;6437;93;175;3719
121;Potatoes - Parissienne;569.33;2447;4690;8874;50;990;4721
122;Apple - Fuji;929.93;3110;2216;2433;27;736;3408
123;Yukon Jack;42.16;8464;3336;1747;23;780;2422
124;Beef Ground Medium;850.25;9771;7273;7473;47;669;3450
125;Extract - Raspberry;509.61;5214;8350;2553;15;229;1887
126;Olives - Black, Pitted;840.55;9267;4459;7542;52;828;1590
127;Nori Sea Weed - Gold Label;488.63;7120;4793;6864;91;619;6900
128;Nut - Peanut, Roasted;726.45;8348;5479;562;78;767;9424
129;Crackers - Soda / Saltins;839.77;2186;2587;2807;78;406;2193
130;Soup - Beef, Base Mix;701.33;1997;2813;3149;96;157;9041
131;Irish Cream - Butterscotch;58.55;7575;1309;3643;54;499;1973
132;Canada Dry;859.03;3574;9911;3912;93;453;2281
133;Mousse - Passion Fruit;86.44;9994;4919;386;62;244;1467
134;Tray - 16in Rnd Blk;467.26;1563;5485;3860;22;176;7513
135;Coffee - Espresso;636.18;5780;313;1596;82;264;8634
136;Brandy Cherry - Mcguinness;879.74;2442;1022;4216;76;318;5540
137;Salmon Steak - Cohoe 8 Oz;768.42;1322;6641;3666;11;674;4168
138;Muffin - Carrot Individual Wrap;292.0;5308;5023;5636;24;626;9578
139;Dragon Fruit;830.73;715;243;202;13;271;2558
140;Vinegar - Champagne;199.42;6506;4648;6320;67;151;6862
141;Foam Dinner Plate;126.05;8555;785;8496;16;405;7616
142;Bagel - 12 Grain Preslice;163.61;7476;7317;3852;98;470;3744
143;Tortillas - Flour, 12;996.09;1768;319;9994;92;871;5069
144;Mustard - Pommery;981.91;1787;8458;7984;56;545;9988
145;Red Snapper - Fresh, Whole;748.61;7938;4683;9063;95;110;9632
146;Calvados - Boulard;749.04;9474;4351;5625;52;940;1548
147;Pork - Caul Fat;410.87;1863;3894;3660;97;816;3125
148;Muffin - Banana Nut Individual;250.59;534;4756;424;60;103;5747
149;Pork - Butt, Boneless;546.64;7298;6858;8564;49;106;9041
150;Swiss Chard;170.47;8331;460;9475;68;486;8938
151;Bar - Sweet And Salty Chocolate;751.27;4945;7324;5667;37;829;9560
152;Salmon - Sockeye Raw;938.76;9733;473;4826;48;596;6377
153;Pepper - Orange;457.6;3189;5800;4400;34;243;2778
154;Mace;947.49;7459;6025;7242;97;391;7990
155;Flour - Semolina;913.28;2111;8231;4834;42;712;1514
156;Vermacelli - Sprinkles, Assorted;796.22;2457;4105;7149;87;790;5778
157;Garbag Bags - Black;466.47;1603;3947;9952;60;414;7879
158;Sunflower Seed Raw;831.13;290;3623;4203;30;786;9644
159;Beer - Blue;357.64;7849;5139;1725;47;211;4879
160;Tea Peppermint;44.89;5497;3965;6167;93;126;7420
161;Ocean Spray - Kiwi Strawberry;260.15;6164;3910;471;47;651;9791
162;Chicken - Tenderloin;828.0;4724;8039;5671;57;779;8778
163;Cleaner - Lime Away;789.56;4755;281;3644;29;903;2924
164;Dates;81.29;2517;6404;1021;65;532;9285
165;Coffee - Ristretto Coffee Capsule;458.43;217;378;1802;69;585;7328
166;Pie Filling - Apple;380.47;9224;1867;2425;30;539;2440
167;Icecream - Dibs;127.37;6350;4363;906;72;536;8984
168;Duck - Legs;991.21;2305;3730;734;27;474;9655
169;Pasta - Bauletti, Chicken White;656.52;4747;9465;2747;22;268;7213
170;Beer - Alexander Kieths, Pale Ale;924.83;3700;6319;9290;19;753;7485
171;Catfish - Fillets;652.54;3721;7757;5346;15;900;1247
172;Champagne - Brights, Dry;672.42;2244;3625;2946;40;663;8223
173;Dasheen;952.09;668;6820;4153;39;444;3391
174;Energy Drink Red Bull;634.0;2414;7247;2476;55;117;7790
175;Beef - Bones, Marrow;899.84;5412;5108;3605;27;923;6965
176;Tomato Puree;758.29;2646;3335;8988;82;485;1435
177;Pepper - Red Chili;531.65;5852;6817;6827;62;206;3209
178;Olives - Kalamata;588.12;8449;4582;496;31;346;4308
179;Orange Roughy 6/8 Oz;624.05;9669;1574;9808;13;103;1621
180;Bread - Italian Sesame Poly;230.14;4485;3887;290;32;786;1100
181;Butter Sweet;362.7;5671;807;3861;78;325;1952
182;Pepper - White, Ground;51.92;1879;5724;3028;99;483;5353
183;Tray - 12in Rnd Blk;552.74;9199;8058;3506;91;970;2579
184;Soda Water - Club Soda, 355 Ml;762.18;7563;359;4178;18;209;9684
185;Soup - Verve - Chipotle Chicken;785.6;4136;3493;984;18;131;1375
186;Langers - Cranberry Cocktail;675.05;3457;6627;7455;90;141;2795
187;Wine - Trimbach Pinot Blanc;318.17;6012;681;101;60;938;6617
188;Chocolate - Pistoles, White;630.91;4709;1833;842;76;894;3129
189;Bread - Sour Batard;912.5;1138;4412;7683;57;875;7421
190;Chocolate - Milk, Callets;309.07;2993;1670;7820;52;590;8266
191;Sauce - Cranberry;621.45;5594;7779;4514;69;921;9146
192;Tomato Paste;995.82;7963;471;6098;92;947;4039
193;Sauce - Hoisin;75.74;5166;4744;993;29;885;9927
194;Cheese - Parmesan Grated;972.31;33;6691;2601;48;107;6498
195;Pomegranates;300.32;9035;7221;8810;59;570;9621
196;Bagel - Ched Chs Presliced;222.32;1319;8831;1848;100;352;6802
197;Lamb - Leg, Diced;787.58;117;9361;9938;12;325;2027
198;Cherries - Fresh;897.14;5413;9009;7983;14;348;1160
199;Coffee - Flavoured;839.19;8093;9761;3504;37;351;1921
200;Wine - Rhine Riesling Wolf Blass;719.89;4083;2545;3918;48;503;8176
201;Gloves - Goldtouch Disposable;434.73;5164;4239;9132;42;691;8701
202;V8 Splash Strawberry Banana;121.66;1835;165;6323;96;696;8759
203;Red Snapper - Fresh, Whole;489.29;6651;6299;5715;53;778;1711
204;Chicken Thigh - Bone Out;54.05;9548;9256;547;23;825;4349
205;Bread - Sour Sticks With Onion;90.72;6368;8562;9991;25;453;3750
206;Pastry - Apple Muffins - Mini;99.15;9975;8334;2722;89;200;9603
207;Pastry - Carrot Muffin - Mini;836.4;7122;4495;4007;28;685;3696
208;Ice - Clear, 300 Lb For Carving;37.61;3126;527;9095;91;970;7285
209;Yams;100.6;3314;5973;694;30;570;3520
210;Juice - Lemon;653.74;7250;2840;5376;49;154;6966
211;Sauce - Thousand Island;193.0;1345;462;1766;85;824;1167
212;Calypso - Black Cherry Lemonade;54.11;5403;9787;5824;42;936;6663
213;Seabream Whole Farmed;915.44;1570;1753;9691;11;201;3050
214;Croissant, Raw - Mini;460.4;4154;9062;538;37;886;6188
215;Whmis - Spray Bottle Trigger;927.97;3732;3222;1505;38;567;9447
216;Yogurt - Cherry, 175 Gr;153.63;8290;2258;8201;70;330;8317
217;Tea - Vanilla Chai;529.82;6943;4470;8573;35;912;5001
218;Sherry - Dry;949.11;5879;9044;4196;84;518;3824
219;Lettuce - Red Leaf;188.6;3440;968;8322;26;304;9062
220;Pop - Club Soda Can;757.51;5746;8904;5292;38;131;7952
221;Bay Leaf Ground;246.72;7055;3566;2862;28;154;9773
222;Wine - Rhine Riesling Wolf Blass;402.37;4144;9991;8419;20;560;6232
223;Soup - Knorr, Ministrone;682.25;5119;7643;7704;23;318;3534
224;Cake Circle, Paprus;400.07;1842;9044;1687;77;455;5092
225;Saskatoon Berries - Frozen;949.2;6155;4125;5900;93;648;7865
226;Spinach - Spinach Leaf;772.59;5804;7501;9675;57;700;4363
227;Carrots - Jumbo;829.18;3054;979;6880;82;605;8005
228;Glass Clear 7 Oz Xl;883.55;6035;9532;6914;64;730;5299
229;Bread - Assorted Rolls;675.06;9499;9333;2263;21;501;2882
230;Tomato - Plum With Basil;104.85;7574;740;3397;14;539;5638
231;Table Cloth 62x120 Colour;692.91;3875;8214;1175;35;883;5045
232;Pasta - Fettuccine, Dry;850.11;6812;9623;5335;41;685;8204
233;Coffee - Hazelnut Cream;981.4;6569;7255;3031;60;396;5138
234;Pepper - Chipotle, Canned;996.4;7318;3886;1819;20;787;9435
235;Steampan Lid;146.34;4778;7264;9600;60;344;2300
236;Potatoes - Yukon Gold, 80 Ct;676.03;5156;2883;9039;19;416;5533
237;Plaintain;381.72;4237;2598;1208;29;808;9793
238;Bread - English Muffin;173.64;1617;4591;8711;23;739;8009
239;Almonds Ground Blanched;533.41;889;9153;2976;10;238;5379
240;Carrots - Mini, Stem On;186.15;3761;3280;9767;57;370;7284
241;Mousse - Banana Chocolate;853.42;7197;4680;976;12;216;2766
242;Flour - Fast / Rapid;545.43;5277;5211;3535;89;668;2219
243;Noodles - Cellophane, Thin;359.15;6999;9806;3229;30;660;7682
244;Jam - Strawberry, 20 Ml Jar;661.82;479;5987;3423;58;607;8202
245;Corn Kernels - Frozen;52.84;2418;5459;726;28;470;3198
246;Asparagus - Mexican;814.82;9626;4892;9127;55;781;8065
247;Pears - Anjou;343.52;4053;6775;6464;24;465;6417
248;Tart - Butter Plain Squares;130.72;5531;8181;3843;51;519;3906
249;Wine - White, Lindemans Bin 95;964.22;283;8192;5980;52;236;7593
250;Nori Sea Weed - Gold Label;365.1;1556;9720;3820;99;126;8747
251;Rum - Dark, Bacardi, Black;557.4;4869;2956;5420;27;895;9906
252;Bread - Flat Bread;81.38;4563;3819;3627;81;883;8618
253;Smoked Paprika;69.83;8057;6150;6521;70;985;3269
254;Cocktail Napkin Blue;336.88;216;1085;1860;61;785;4017
255;Pasta - Tortellini, Fresh;13.38;4452;7131;703;77;994;1656
256;Sloe Gin - Mcguinness;685.87;9392;4154;5623;67;992;9922
257;Glaze - Apricot;27.87;2318;6785;8553;28;199;3408
258;Roe - Flying Fish;977.64;440;2230;7749;71;141;4636
259;Beans - Long, Chinese;897.08;6849;1961;350;27;360;5805
260;Flour - Cake;713.49;3929;5317;7669;79;554;9824
261;Pate - Peppercorn;794.8;5515;6310;5208;92;583;7368
262;Lime Cordial - Roses;316.21;3567;6653;5967;44;668;8667
263;Catfish - Fillets;666.45;285;261;7898;65;785;7579
264;Wine - Wyndham Estate Bin 777;616.47;607;8886;9861;35;516;4020
265;Vinegar - Raspberry;336.2;2943;1936;909;98;578;1643
266;Cheese - Manchego, Spanish;930.07;3606;2707;7259;48;795;3009
267;Wine - Gato Negro Cabernet;85.07;5710;9412;4388;93;499;2891
268;Water - Spring 1.5lit;867.23;8844;4091;3919;30;855;7203
269;Lemonade - Mandarin, 591 Ml;347.62;199;3325;6480;68;955;6894
270;Beer - Labatt Blue;207.91;9504;1936;6926;50;668;9152
271;Squeeze Bottle;988.88;5204;9598;7940;36;830;9740
272;Tart - Butter Plain Squares;40.11;3203;266;5797;45;602;8962
273;Brandy - Bar;871.4;4541;9113;6195;61;831;9069
274;Cactus Pads;841.37;3894;7384;9379;48;822;7461
275;Soup - Campbells, Creamy;318.53;2906;3133;494;40;309;1860
276;Plate Foam Laminated 9in Blk;101.39;1992;4597;3764;27;542;4473
277;Island Oasis - Cappucino Mix;822.88;4876;2709;4917;72;692;7690
278;Bread - Assorted Rolls;233.07;5706;3144;7793;43;799;9059
279;Pastry - Apple Large;82.52;7468;6725;1813;22;330;3065
280;Wine - Casillero Del Diablo;927.6;6720;4273;3652;95;619;5123
281;Sweet Pea Sprouts;581.62;1900;862;4383;89;736;6515
282;Lamb Leg - Bone - In Nz;391.03;9771;6242;9506;64;821;3864
283;Tuna - Loin;593.49;9538;4209;4706;18;190;7961
284;Beer - Moosehead;659.51;5128;4494;7644;17;219;3315
285;Beef - Eye Of Round;26.27;2282;1827;7605;22;269;4505
286;Lamb - Pieces, Diced;315.18;7035;9596;1396;34;449;1409
287;Spaghetti Squash;580.26;6960;5502;1249;53;988;3858
288;Trout - Rainbow, Fresh;620.45;2392;2930;6709;16;736;4423
289;Tuna - Fresh;137.77;5104;8890;7647;81;479;5445
290;Cake - Night And Day Choclate;419.09;3044;1505;4416;23;955;1845
291;Pastry - French Mini Assorted;691.45;4357;8659;7925;15;604;7944
292;Mushrooms - Honey;183.7;2734;2323;9096;48;247;8986
293;External Supplier;50.5;2527;4115;1126;29;767;2457
294;Rye Special Old;125.82;8809;2916;7239;28;147;8042
295;Dooleys Toffee;423.71;756;8917;3695;18;478;1724
296;Urban Zen Drinks;307.5;9875;9592;9965;48;187;2244
297;Peppercorns - Green;259.37;2564;5398;4885;84;477;3883
298;Cheese - Roquefort Pappillon;826.44;8139;4972;4311;13;329;4296
299;Fruit Salad Deluxe;577.23;2940;9220;7451;18;325;2543
300;Cucumber - Pickling Ontario;394.12;136;6294;7539;96;870;7384
301;Apples - Sliced / Wedge;587.93;5890;3089;4501;76;339;2089
302;Syrup - Monin - Blue Curacao;279.48;1201;8104;5526;27;312;8736
303;Compound - Raspberry;194.4;3737;1511;1751;15;132;2944
304;Juice - Orange, 341 Ml;464.96;8487;507;7752;86;720;8021
305;Croissant, Raw - Mini;321.28;210;1185;7849;15;720;4615
306;Wine - Chablis J Moreau Et Fils;949.13;9045;1764;8233;33;577;2067
307;Papadam;28.09;925;751;8862;82;623;5666
308;Mustard - Dry, Powder;79.28;9034;6223;5999;99;891;8675
309;Guava;502.36;8881;5576;1648;32;414;3744
310;Skirt - 24 Foot;623.28;5476;1922;4603;11;645;3845
311;Flour - Teff;426.32;2682;9210;2983;53;479;3580
312;Lamb - Leg, Bone In;834.38;5438;9641;9163;94;410;7945
313;Cheese - Pied De Vents;947.15;2423;6348;2589;83;261;4711
314;Shrimp - Black Tiger 6 - 8;684.92;3437;3425;1126;65;811;5911
315;Container - Clear 32 Oz;137.29;5694;4702;6974;98;993;8424
316;Latex Rubber Gloves Size 9;651.82;2931;1199;8530;42;927;1210
317;Beef - Striploin;863.95;455;4994;7842;90;845;4667
318;Shrimp - 31/40;97.45;8291;7179;3993;20;133;7840
319;Juice - Mango;197.88;6113;3174;9178;83;734;9254
320;Curry Powder Madras;590.2;8197;5150;8039;19;464;3975
321;Onions - Cooking;267.51;2001;4857;4902;70;245;3598
322;Veal - Tenderloin, Untrimmed;729.35;5569;2489;6594;41;864;4341
323;Wine - Malbec Trapiche Reserve;207.2;1248;8425;1418;25;119;7524
324;Onions - Red Pearl;147.18;6178;7035;3185;53;232;6906
325;Marjoram - Fresh;409.08;6041;5833;223;23;131;5172
326;Cheese - Mozzarella, Buffalo;756.98;3655;103;6850;13;346;4178
327;Chocolate - Milk Coating;970.91;8774;643;7849;71;336;5557
328;Frangelico;303.23;1607;3150;5117;10;357;9338
329;Mix Pina Colada;226.39;2649;3661;6909;88;361;4888
330;Sauce - Plum;237.91;9961;5069;6735;16;168;3801
331;Sauce - Marinara;789.88;8980;7044;7825;17;150;3684
332;Wanton Wrap;541.16;200;153;4373;53;561;1954
333;Lamb Rack - Ontario;752.5;4275;1457;9981;15;761;5869
334;Soup - Campbells Bean Medley;162.29;9507;4993;2817;66;342;4516
335;Butter Balls Salted;730.92;3717;7497;483;66;198;1037
336;Bread - Italian Roll With Herbs;659.88;6472;228;2108;51;841;5317
337;Beer - Mcauslan Apricot;327.06;9773;7796;917;35;776;8877
338;Cognac - Courvaisier;266.06;6574;5741;4136;26;614;8128
339;Bagelers - Cinn / Brown;139.38;3235;7545;5146;85;162;5273
340;Pepper - White, Ground;481.92;8468;3021;6335;18;757;3098
341;Chicken Breast Halal;261.72;5873;8873;735;33;140;6666
342;Bread - Sour Sticks With Onion;40.65;3663;4000;8678;67;423;7661
343;Chicken - Diced, Cooked;94.03;8346;2789;7616;35;142;1722
344;Puff Pastry - Slab;900.87;6557;7170;8802;26;216;9834
345;Fudge - Chocolate Fudge;932.24;2599;1754;9222;72;914;7418
346;Ranchero - Primerba, Paste;585.46;8188;8359;6526;21;941;9093
347;Pasta - Agnolotti - Butternut;390.65;8310;5921;327;47;460;4414
348;Aspic - Clear;691.65;1415;7006;6632;33;439;2312
349;Tea - Honey Green Tea;88.99;612;8301;431;68;390;1971
350;Wine - Hardys Bankside Shiraz;926.36;2027;3456;4133;26;153;3777
351;Bagel - Plain;103.26;5268;5060;3603;100;696;5593
352;Pepper - Sorrano;285.11;7926;5793;6863;42;651;4898
353;Salmon Atl.whole 8 - 10 Lb;921.65;4220;6099;7723;33;114;4030
354;Gelatine Leaves - Bulk;779.84;6291;7294;198;79;311;2704
355;Pickerel - Fillets;590.97;6940;8147;9626;25;329;3101
356;Neckerchief Blck;86.7;7367;2499;7046;57;845;9056
357;Sardines;637.12;7380;3274;683;72;662;4903
358;Mustard - Dry, Powder;703.38;2846;7517;5388;21;469;9957
359;Sauce Tomato Pouch;185.49;5942;9656;941;80;906;3457
360;Nantucket Orange Juice;233.42;9403;485;8423;50;963;7990
361;Seedlings - Buckwheat, Organic;860.72;7326;8272;2131;97;187;4360
362;Cups 10oz Trans;233.72;8238;1631;4178;100;331;5095
363;Appetizer - Spring Roll, Veg;744.98;6984;7327;7214;42;220;3215
364;Remy Red;684.64;4866;5870;4489;58;163;3849
365;Peppercorns - Green;398.44;6087;6231;5674;72;265;1702
366;Paper Towel Touchless;229.43;2279;9766;9464;38;233;8058
367;Long Island Ice Tea;397.82;2694;5550;186;19;189;1668
368;Sprouts - Brussel;766.96;9557;8172;5709;43;366;7306
369;Lamb - Ground;777.18;9785;8649;3627;44;934;4892
370;Shallots;809.87;501;8562;6701;58;250;4843
371;Soup - Campbells Broccoli;559.84;966;5187;7643;66;566;6675
372;Trueblue - Blueberry;728.26;9397;3470;704;54;894;7031
373;Beef Tenderloin Aaa;359.51;5365;5636;5943;59;624;8284
374;Clams - Littleneck, Whole;821.62;9474;4836;442;100;469;8903
375;Molasses - Fancy;798.21;3745;9386;8200;11;645;2501
376;Cookie - Oreo 100x2;469.07;5969;2898;8503;68;877;8328
377;Plastic Wrap;167.09;3034;428;2302;23;148;6477
378;Cheese Cheddar Processed;49.55;8049;3436;1979;50;500;3940
379;Vodka - Hot, Lnferno;328.92;5974;1928;8892;68;944;6034
380;Ice Cream - Strawberry;576.96;863;1972;3027;97;887;5018
381;Aromat Spice / Seasoning;358.14;3929;618;8683;84;775;9219
382;Kohlrabi;936.21;3918;2968;9256;76;484;9188
383;Bread - Crumbs, Bulk;196.78;325;9993;7342;93;808;2660
384;Pepper - Green Thai;909.39;285;6767;6403;67;453;7642
385;Mix - Cocktail Strawberry Daiquiri;672.47;4211;5455;4718;55;538;3331
386;Tomato Puree;891.14;9234;455;6191;61;698;6902
387;Tomatoes - Vine Ripe, Red;359.61;7409;3810;8587;19;513;8447
388;Bread - Olive;121.13;8099;4429;9775;85;284;4360
389;Nantucket - Kiwi Berry Cktl.;98.11;4412;2856;2869;41;469;6923
390;Pasta - Penne, Lisce, Dry;917.92;3943;9182;5626;59;747;5741
391;Cake - Mini Potato Pancake;900.19;6976;4147;6434;53;506;1290
392;Aspic - Amber;444.83;7678;9446;8921;46;437;4134
393;Nestea - Iced Tea;713.15;3998;8661;8744;60;612;7367
394;Bag - Regular Kraft 20 Lb;255.25;8195;8659;7492;50;432;5117
395;Nantucket - Pomegranate Pear;468.24;2099;2374;4207;10;619;8450
396;Chips - Miss Vickies;525.88;9780;7797;113;34;723;5299
397;Baking Soda;491.95;7181;1630;4109;43;934;1344
398;Shortbread - Cookie Crumbs;895.24;5423;5216;9225;73;971;9168
399;Truffle - Peelings;678.21;2653;7125;5261;100;301;3265
400;Wine - Spumante Bambino White;969.12;4028;7071;5183;72;581;4084
401;Sprouts - Alfalfa;607.03;2969;7823;6473;92;754;2562
402;Soap - Hand Soap;42.51;5408;2498;6513;100;686;1160
403;Chips - Miss Vickies;940.66;5930;3748;1175;44;892;3882
404;Lobster - Tail, 3 - 4 Oz;311.91;783;9970;8297;78;817;2902
405;Bagelers - Cinn / Brown;405.71;976;9998;6189;21;431;2308
406;Wood Chips - Regular;797.07;5872;6130;8350;47;380;1508
407;Cheese - Perron Cheddar;204.82;3036;4125;775;55;841;6715
408;Lamb - Whole, Fresh;554.78;3201;5715;3070;20;544;2757
409;Crawfish;282.38;9283;3776;858;56;818;9856
410;Water - Mineral, Carbonated;383.4;1672;2686;3134;40;936;2259
411;Limes;332.13;758;6909;4154;63;607;2550
412;Grenadillo;454.17;8008;2301;4467;82;665;4558
413;Lettuce - Baby Salad Greens;251.95;5802;5661;918;56;232;9077
414;Cheese - Woolwich Goat, Log;755.08;1193;4009;6362;56;862;6421
415;Raisin - Golden;104.24;9783;6598;2617;83;170;2549
416;Cod - Salted, Boneless;24.63;918;9066;5379;57;823;1930
417;Brandy Apricot;166.76;4430;3669;8940;84;757;4254
418;Soup - Campbells, Minestrone;362.94;9791;410;6371;57;612;1688
419;Cake Slab;410.14;9626;9574;6016;62;210;3987
420;Juice - Cranberry, 341 Ml;973.11;8089;5099;5416;61;269;6428
421;Onions - Spanish;10.85;5842;1117;1188;54;274;1417
422;Soup - Cream Of Broccoli;254.95;4663;7949;762;61;841;1142
423;Cleaner - Bleach;202.79;9443;4458;529;69;183;7413
424;Sauce - Balsamic Viniagrette;65.89;7655;743;9066;74;292;3073
425;Shrimp - 100 / 200 Cold Water;107.86;5604;3781;9106;82;526;5026
426;Sauce - Rosee;567.34;412;7923;2091;95;886;1341
427;Kahlua;995.81;7306;9581;5872;29;649;9084
428;Sea Bass - Fillets;116.47;6469;7471;1133;47;765;8746
429;Fenngreek Seed;619.65;110;8948;3110;88;734;6099
430;Apron;289.73;8104;9476;6003;92;887;5994
431;Wine - Periguita Fonseca;847.65;8499;2664;3358;76;770;1682
432;Lemonade - Natural, 591 Ml;465.57;1850;7333;3490;81;735;8175
433;Ketchup - Tomato;44.64;3718;5381;7365;85;407;4201
434;Wine - Magnotta - Red, Baco;374.67;4597;5077;5632;55;549;2513
435;Veal - Knuckle;300.42;7428;4125;8424;51;796;6719
436;Coffee - Decafenated;88.06;2391;4220;3078;77;366;6852
437;Ostrich - Fan Fillet;488.77;9402;3414;5452;16;936;4651
438;Bread - Bistro Sour;170.55;5073;5632;3845;43;341;4838
439;English Muffin;480.19;9197;4513;297;51;549;3029
440;The Pop Shoppe - Root Beer;560.32;8188;306;977;86;903;8599
441;Chicken - Breast, 5 - 7 Oz;396.11;8382;9248;6045;39;176;3586
442;Yogurt - Raspberry, 175 Gr;831.48;5657;8498;7115;97;420;5666
443;Wine - White, Gewurtzraminer;701.03;8211;5210;3243;62;347;1230
444;Muffin - Mix - Bran And Maple 15l;474.52;9647;6898;832;33;380;1503
445;Dawn Professionl Pot And Pan;920.71;8049;6352;3503;61;363;5355
446;Pan Grease;821.17;6164;9894;9413;88;820;4436
447;Coffee - Decafenated;407.25;9032;260;7275;40;460;4234
448;Filling - Mince Meat;85.33;2453;9881;1316;40;148;6868
449;Kiwano;191.32;1903;7701;458;16;281;8023
450;Cocoa Powder - Natural;32.14;8519;3271;2746;60;304;8041
451;Cake - Cheese Cake 9 Inch;903.56;7308;7645;6699;15;342;7779
452;Beef - Cow Feet Split;411.92;4639;4563;3564;20;849;5129
453;Schnappes - Peach, Walkers;780.29;1363;3729;8032;98;714;8798
454;Spoon - Soup, Plastic;747.72;2105;212;4269;74;661;7862
455;Sea Urchin;350.36;6625;6691;8162;78;331;6839
456;Asparagus - Green, Fresh;556.6;3650;2048;1578;41;206;9785
457;Parsnip;43.54;5459;9072;2601;100;209;4072
458;Cup Translucent 9 Oz;470.24;6809;3586;6503;74;410;6458
459;Ecolab - Medallion;689.41;9346;1096;2661;84;494;9144
460;Food Colouring - Pink;59.05;947;9456;4437;34;414;4051
461;Flour - Bread;208.25;9481;1707;5572;72;782;2249
462;Snapple - Mango Maddness;595.22;9040;3365;5143;85;379;1161
463;Lamb - Shoulder;315.19;8153;8568;1250;17;989;1042
464;Wine - Fume Blanc Fetzer;36.19;3816;6744;1228;66;491;8529
465;Waffle Stix;218.62;2744;5319;3007;52;832;3631
466;Pail For Lid 1537;943.98;6814;1191;2191;40;225;2344
467;Bread - Rolls, Rye;992.63;2137;651;6261;45;726;6271
468;Soup - Campbells, Butternut;372.91;8884;6600;6159;93;371;6989
469;Capers - Ox Eye Daisy;93.59;3639;2766;6757;48;406;6023
470;Cheese Cloth No 60;864.86;8103;4058;7645;68;449;4929
471;Oneshot Automatic Soap System;811.82;3332;3419;2172;30;458;6478
472;Anchovy Fillets;846.71;8512;5048;6700;86;437;4619
473;Truffle - Whole Black Peeled;701.77;6686;8048;5735;35;308;9994
474;Veal - Liver;503.55;5197;5117;7983;72;116;8063
475;Pepper - Chillies, Crushed;236.57;5211;1254;4155;12;979;2187
476;Wine - Fat Bastard Merlot;957.46;1076;3816;3517;100;775;2529
477;Wine - Red, Pinot Noir, Chateau;932.15;9656;6642;7265;59;236;7727
478;Cheese - Mozzarella, Shredded;757.25;9779;9067;6408;75;126;1631
479;Steampan - Half Size Shallow;465.08;8818;1977;7394;60;854;7771
480;Muffin - Mix - Strawberry Rhubarb;744.48;3012;1305;9007;65;610;6907
481;Steampan - Lid For Half Size;629.1;3439;5144;7805;69;709;1883
482;Jam - Apricot;368.27;9470;7559;473;73;671;9509
483;Pepper - White, Whole;669.51;722;214;2986;22;370;9332
484;Beef - Ox Tongue;564.91;9862;6154;7335;72;863;9110
485;Beer - Alexander Kieths, Pale Ale;197.61;1922;4085;414;17;479;8449
486;Carrots - Mini, Stem On;329.72;7243;8552;3998;74;138;8218
487;Whmis Spray Bottle Graduated;556.3;4067;462;529;57;418;3299
488;Chicken - Leg, Boneless;469.65;3197;8403;4808;97;144;6401
489;Shichimi Togarashi Peppeers;472.62;7370;3563;9997;52;372;8022
490;Veal - Kidney;444.06;4621;3903;5493;68;825;6671
491;Soup - Chicken And Wild Rice;482.38;3821;5490;9401;58;552;5223
492;Spice - Chili Powder Mexican;798.26;5382;9980;4888;67;614;1933
493;Sprite - 355 Ml;669.78;6228;7048;8553;26;358;3800
494;Flour - Cake;735.12;2505;1578;1097;89;210;6538
495;Longos - Chicken Curried;681.25;6359;3319;1249;25;453;1820
496;Bacardi Raspberry;59.68;7054;8440;6813;81;267;7492
497;Stock - Chicken, White;952.1;7270;9167;3885;31;837;2202
498;Fork - Plastic;190.66;8392;3300;2635;62;621;2234
499;Wine - Peller Estates Late;631.34;2634;1837;4783;46;457;8075
500;General Purpose Trigger;670.76;9428;3263;413;68;757;9670
501;Chef Hat 20cm;562.65;8469;8237;2680;44;131;8013
502;Juice - Orange 1.89l;665.23;9951;8534;2724;75;165;1272
503;Wine - Port Late Bottled Vintage;920.14;4653;4416;2245;59;219;8957
504;Amaretto;148.78;8445;217;1194;59;904;6223
505;Pepper - Black, Ground;608.27;8161;2989;5065;32;637;7291
506;Uniform Linen Charge;649.61;1971;8124;8847;21;123;7459
507;Pasta - Fett Alfredo, Single Serve;105.97;2940;5065;5643;20;307;4095
508;Bacardi Mojito;494.94;768;8650;8726;74;680;9342
509;Veal - Striploin;185.66;1126;7701;4197;91;634;1663
510;Table Cloth 81x81 Colour;477.66;3372;4037;5080;87;138;8915
511;Pears - Anjou;378.16;601;1911;6324;94;518;8231
512;Banana - Leaves;392.96;2797;3076;1805;64;809;3901
513;Wine - Ice Wine;368.63;4572;1867;680;54;941;7773
514;Yoplait Drink;576.81;2258;4742;9688;87;862;7735
515;Wine - Hardys Bankside Shiraz;628.84;5216;9944;6249;85;995;1504
516;Ecolab - Mikroklene 4/4 L;144.02;1743;7794;1896;40;148;4964
517;General Purpose Trigger;674.62;5062;2418;1538;64;872;9727
518;Chicken - Base, Ultimate;454.85;5321;7811;3817;53;165;6532
519;Miso Paste White;830.45;5854;918;123;27;333;4998
520;Bread - Burger;557.45;4531;3121;5343;81;550;2007
521;Thermometer Digital;641.77;8326;2209;2776;57;769;9535
522;Cheese - Brick With Onion;741.31;7142;3956;2203;75;538;1279
523;Chicken - Whole;483.51;6435;9022;5984;88;565;4009
524;Mushroom - Enoki, Fresh;301.62;2769;5529;2231;61;259;6556
525;Cinnamon - Stick;338.18;7326;5835;1715;55;880;9618
526;Cheese - Valancey;84.93;5610;1211;2546;27;905;3847
527;Muffin Hinge - 211n;242.62;9959;4044;756;32;391;7338
528;Buttons;201.7;831;8306;6685;26;640;2654
529;Truffle Cups - Red;260.6;7267;7120;5178;97;982;9858
530;Coffee - 10oz Cup 92961;725.06;6123;4509;3763;90;982;8767
531;Mussels - Frozen;428.18;3503;5343;9586;61;937;8810
532;Doilies - 12, Paper;591.35;2623;3331;2506;33;574;7139
533;Smoked Paprika;686.07;5814;6789;8915;55;873;2692
534;Bok Choy - Baby;125.13;2801;8209;3774;75;887;3605
535;Sardines;784.41;9822;4298;1385;80;923;7760
536;Vacuum Bags 12x16;283.09;3802;8364;3993;26;836;7388
537;Coffee - Irish Cream;152.15;4867;9998;3723;37;941;7695
538;Rice - Brown;213.84;2119;4227;8752;61;301;1062
539;Wine - Sicilia Igt Nero Avola;240.05;3975;9037;4654;66;780;5402
540;Cheese - Blue;75.9;2762;2327;5656;88;644;9302
541;Goat - Leg;874.14;3330;3672;1939;46;651;9821
542;Cleaner - Lime Away;679.63;6403;5519;6452;84;930;9259
543;Soup - Campbells;34.86;7819;6057;2158;21;230;8952
544;Tomatoes - Cherry;587.48;4960;4889;2218;49;275;9080
545;Soup Campbells;13.39;7108;1664;5284;24;206;6528
546;Olives - Nicoise;532.01;355;2881;4550;70;547;7629
547;Sprouts - Peppercress;698.37;7428;1956;9904;85;831;1811
548;Oil - Olive;314.6;6240;7387;3431;56;640;7334
549;Bread Ww Cluster;64.69;6851;9392;1809;65;498;6968
550;Coffee - Irish Cream;247.85;3445;9134;213;81;903;6204
551;Wine - Kwv Chenin Blanc South;517.29;2503;4982;7731;88;326;8553
552;Bread - Bistro White;904.47;5903;9531;1766;37;182;9991
553;Nestea - Ice Tea, Diet;12.23;2292;9180;8821;15;643;3404
554;Chocolate - Milk;579.38;5767;4584;9469;58;949;4547
555;Lamb - Leg, Bone In;180.33;1858;312;3323;100;320;4999
556;Macaroons - Homestyle Two Bit;522.91;3750;6509;1266;55;351;9754
557;Apple - Fuji;977.79;4201;3335;6215;62;251;5973
558;Beef - Cooked, Corned;536.82;3974;328;6460;96;365;3985
559;Coffee Guatemala Dark;22.9;9473;4442;5908;43;789;6975
560;Wine - Bouchard La Vignee Pinot;630.26;4438;4854;7327;89;480;8857
561;Muffin - Carrot Individual Wrap;656.82;5383;1594;4799;71;394;3039
562;Bread - Pita, Mini;383.48;6368;5725;9685;83;338;9495
563;Cocoa Powder - Dutched;664.17;5711;5092;9657;16;260;4340
564;Wine - Rosso Toscano Igt;842.29;1844;9965;920;62;878;5931
565;Carrots - Mini, Stem On;232.35;6109;7842;537;90;925;5657
566;Sausage - Meat;717.23;7907;8603;776;58;887;1597
567;Muffin - Mix - Creme Brule 15l;295.97;233;275;5508;27;851;4835
568;Milk - 2%;327.76;6430;509;7088;79;861;1945
569;Rice Paper;945.23;7491;8820;3145;61;656;6793
570;Crawfish;45.28;8589;718;6817;75;694;3982
571;Miso Paste White;226.89;4138;4281;4981;66;568;5469
572;Pumpkin - Seed;565.24;2458;8016;9397;52;988;9986
573;Chick Peas - Dried;795.14;1590;3968;4597;60;679;5901
574;Kahlua;393.34;7003;3421;231;98;515;6634
575;Veal - Loin;521.48;1487;5658;2677;65;436;1433
576;Onions - Green;605.37;1786;2354;6875;24;304;2768
577;Wine - Pinot Noir Mondavi Coastal;688.72;237;1698;2918;26;394;1637
578;Soup - Campbells Chili;610.85;7710;7082;8732;93;268;8090
579;Green Tea Refresher;573.78;1663;867;9230;20;294;8018
580;French Pastries;983.17;3748;5370;4705;98;905;5890
581;Scampi Tail;933.65;156;415;6943;90;869;4873
582;Saskatoon Berries - Frozen;682.76;5899;4119;1478;37;518;1229
583;Wine - Puligny Montrachet A.;667.21;3804;4662;2694;78;407;1734
584;Flax Seed;946.97;7136;7274;3338;14;186;2268
585;Salmon - Fillets;248.96;3534;5580;1425;18;423;7511
586;Versatainer Nc - 8288;410.77;6482;5696;7709;59;195;7684
587;Jerusalem Artichoke;161.1;1588;9568;2585;64;278;3397
588;Avocado;920.3;9130;2444;4238;82;537;8838
589;Chocolate Liqueur - Godet White;770.63;8607;3449;6068;94;139;2638
590;English Muffin;36.84;3298;4384;3374;83;416;8541
591;Chocolate Liqueur - Godet White;877.35;6249;9741;2342;63;352;8634
592;Salmon - Atlantic, Skin On;784.15;8593;2329;3747;50;826;4693
593;Fish - Atlantic Salmon, Cold;512.93;8824;6791;7464;82;243;9398
594;Oil - Shortening,liqud, Fry;144.6;9309;4893;7780;40;532;5876
595;Pants Custom Dry Clean;634.1;7499;5178;319;73;236;8212
596;Napkin White;795.58;2696;1205;6321;29;819;7718
597;Pepsi, 355 Ml;570.52;6589;2957;399;68;994;5102
598;Mints - Striped Red;925.85;9556;3222;8108;74;270;5575
599;Flour - Bread;756.33;7614;2171;6125;85;227;8271
600;Flavouring - Raspberry;642.48;5345;6570;4727;34;544;7291
601;Frangelico;658.49;896;4913;4311;30;158;3721
602;Carrots - Purple, Organic;426.4;9746;9843;512;47;292;8651
603;Cream - 10%;200.1;4811;3465;5752;64;338;4397
604;Vector Energy Bar;659.61;2126;4357;2926;15;584;8791
605;Plastic Wrap;161.09;8471;4037;2114;70;433;4389
606;Dikon;424.6;553;1114;9426;12;929;1237
607;Water - Green Tea Refresher;22.77;4756;2267;1801;28;608;3239
608;Lettuce - Baby Salad Greens;37.2;6365;5153;2139;51;549;6059
609;Wine - Red, Concha Y Toro;408.02;9741;8510;6662;43;734;5513
610;Oil - Avocado;36.6;1768;361;4971;100;121;8278
611;Nantucket - Pomegranate Pear;950.55;9591;7809;1804;51;568;6924
612;Trout - Hot Smkd, Dbl Fillet;145.93;1352;7654;2073;63;404;5175
613;Mousse - Passion Fruit;104.09;5357;1798;7232;80;714;5383
614;Chicken - Whole Roasting;95.4;2103;4389;1784;85;323;3407
615;Pepper - White, Ground;171.38;2270;8229;551;69;773;5133
616;Puree - Guava;953.85;4676;2366;9116;98;647;4594
617;Pasta - Canelloni, Single Serve;988.03;4302;4733;2502;78;154;5661
618;Orange - Tangerine;521.75;7480;6271;4863;19;241;3495
619;Juice - Orange, 341 Ml;225.59;1423;8652;6345;17;619;6958
620;Gingerale - Diet - Schweppes;378.15;7767;639;2021;49;433;6264
621;Wine - Riesling Alsace Ac 2001;266.02;8070;9901;2369;24;244;7516
622;Cheese - Cheddar, Mild;275.01;6004;2905;9731;20;859;5313
623;Pork - Side Ribs;264.12;6898;2915;2338;77;464;5741
624;Beer - Heinekin;351.2;1833;2699;8489;91;778;8539
625;Beans - Long, Chinese;966.12;9163;9366;1212;63;111;8620
626;Flour - Strong;817.43;2393;5514;3206;64;926;2202
627;Lemonade - Island Tea, 591 Ml;966.04;815;7881;6708;13;541;7615
628;Uniform Linen Charge;996.66;1980;2410;455;11;331;1175
629;Tomatoes - Vine Ripe, Red;963.15;5620;512;8573;81;397;4620
630;Lamb Tenderloin Nz Fr;770.91;1954;9991;6037;47;147;2147
631;Peach - Fresh;710.42;7577;7238;8699;94;903;9818
632;Tomato Puree;959.36;5927;7643;7744;88;874;6732
633;Calypso - Pineapple Passion;853.09;424;6065;1305;91;709;7350
634;Muffin Hinge Container 6;434.57;9630;5416;3343;18;915;3227
635;Wine - Segura Viudas Aria Brut;709.41;3566;7709;1793;88;920;2227
636;Cookie Double Choco;278.47;3292;8851;9637;89;223;5975
637;Tuna - Loin;855.83;3849;5203;6678;89;210;9443
638;Wine - Peller Estates Late;347.9;6363;8451;6772;34;658;7530
639;Sachet;637.38;3531;8343;1717;87;149;7903
640;Bagelers;71.45;3979;521;9190;94;139;7005
641;Relish;800.95;3827;7859;1853;31;833;5106
642;Soup - Beef, Base Mix;187.2;5263;1481;2332;64;362;7208
643;Soup - Campbells, Spinach Crm;475.84;8478;7506;3932;28;212;8780
644;Apple - Royal Gala;219.92;279;2371;9402;27;633;8101
645;Sage - Rubbed;422.94;4005;2022;7852;62;531;9433
646;Onion Powder;373.42;8469;2435;5106;100;996;6595
647;Wine - Sauvignon Blanc Oyster;82.26;3284;5908;5750;27;425;1604
648;Wine - Trimbach Pinot Blanc;695.98;8268;2125;7493;10;635;1459
649;Celery Root;734.1;9569;1240;7430;48;442;3389
650;Muffin Mix - Carrot;545.03;7061;1326;2144;84;614;4988
651;Juice - Clam, 46 Oz;618.07;9305;4708;8496;18;585;9294
652;Beer - Labatt Blue;39.38;8435;5919;1360;63;181;3540
653;Turkey - Breast, Smoked;468.09;952;7758;8632;17;288;1166
654;The Pop Shoppe Pinapple;236.42;7253;3566;4506;50;106;9217
655;Turkey - Breast, Smoked;326.74;36;8962;5463;41;713;6470
656;Bagelers - Cinn / Brown Sugar;26.41;8821;1973;4129;99;946;9889
657;Table Cloth - 53x69 Colour;256.78;1265;5220;9680;25;363;5014
658;Bread - Triangle White;189.96;2646;8256;6700;25;680;4536
659;Foil - Round Foil;710.19;1864;9903;9810;23;489;8133
660;Wine - Red, Marechal Foch;844.4;7447;7746;308;68;328;5000
661;Pork - Loin, Bone - In;942.94;100;8947;1798;83;128;9609
662;Daikon Radish;261.66;7566;1466;1158;21;106;8976
663;Wine - Valpolicella Masi;942.14;3405;3855;9463;75;343;4708
664;Radish - Black, Winter, Organic;649.09;4414;1525;9419;80;941;1540
665;Wine - Two Oceans Sauvignon;103.53;4978;1661;1993;64;549;4972
666;Beef - Rib Roast, Cap On;544.19;9157;5612;4800;54;825;7560
667;Breakfast Quesadillas;409.63;4493;1490;9006;38;966;9107
668;Juice - Cranberry 284ml;903.93;6936;3711;6491;55;721;9185
669;Island Oasis - Wildberry;946.36;9380;7301;1200;25;415;1397
670;The Pop Shoppe - Cream Soda;786.32;6554;1959;6402;14;393;1343
671;Bread - Olive;572.57;4017;6244;704;59;777;4398
672;Foam Cup 6 Oz;758.6;9330;3805;1192;78;177;6446
673;Island Oasis - Lemonade;886.47;708;7300;9375;97;879;9262
674;Beer - Upper Canada Light;799.53;5349;2880;4342;92;524;7107
675;Cakes Assorted;390.5;5940;934;1968;42;115;4260
676;Extract - Rum;284.56;8805;575;8930;10;939;2833
677;Shrimp - Black Tiger 16/20;410.48;1123;4438;9002;80;714;7246
678;Onions - Spanish;121.38;8520;178;8139;19;894;4741
679;Extract - Almond;102.53;704;7661;5010;26;562;8996
680;Table Cloth 144x90 White;569.9;9275;9414;2468;85;984;1278
681;Rum - Coconut, Malibu;379.29;8585;1665;9127;96;170;1792
682;Curry Powder;680.89;2610;147;8998;88;811;4306
683;Ecolab - Hobart Washarm End Cap;876.03;1086;4379;8516;43;108;8711
684;Grenadine;773.98;473;8128;1550;55;839;3033
685;Foil Cont Round;949.19;9256;1665;6004;31;499;8212
686;Spoon - Soup, Plastic;617.21;5305;3481;3629;100;415;5040
687;Water Chestnut - Canned;729.06;2828;202;6778;47;805;5321
688;Milk - 1%;664.4;8592;9552;5151;12;824;4041
689;Cabbage - Nappa;150.65;6671;9348;3830;88;723;1423
690;Pork - Butt, Boneless;388.2;9751;2350;6030;61;481;4416
691;Pepper - White, Whole;688.3;8635;7505;4809;50;389;7884
692;Cheese - Goat With Herbs;605.39;47;2588;9915;88;331;8602
693;Container - Foam Dixie 12 Oz;549.51;3719;4194;2212;92;809;1888
694;Bread Base - Gold Formel;792.79;4019;6165;535;35;675;5898
695;Beef Ground Medium;655.48;1537;8976;4452;100;350;3021
696;Muffin - Zero Transfat;965.43;3314;5987;9659;97;349;7518
697;Wine - Cotes Du Rhone;492.79;3522;1771;6409;12;671;7458
698;Potatoes - Idaho 80 Count;575.63;8445;9471;9732;72;356;6280
699;Cheese - Augre Des Champs;748.75;3968;455;6572;30;156;7080
700;Currants;589.53;3078;184;8087;17;178;3514
701;Schnappes Peppermint - Walker;927.53;9566;9614;4381;65;916;4479
702;Pail With Metal Handle 16l White;480.97;6834;4410;7095;76;668;4370
703;Stock - Fish;314.09;7251;9794;8938;57;453;9104
704;Ostrich - Fan Fillet;515.43;1585;4725;5747;74;352;3671
705;Danishes - Mini Cheese;246.16;4916;434;518;85;392;3592
706;Calypso - Lemonade;483.03;5685;8043;7122;59;805;5885
707;Paste - Black Olive;783.28;5631;8516;2518;66;669;5931
708;Cognac - Courvaisier;86.64;8728;5669;443;14;410;6914
709;Pail For Lid 1537;344.17;5409;5505;8427;78;147;2159
710;Appetizer - Lobster Phyllo Roll;390.39;2931;5070;3568;65;883;9177
711;Capon - Breast, Double, Wing On;958.91;9100;2838;5240;20;881;8072
712;Milk - Homo;800.84;4400;2137;5585;77;431;9566
713;Juice - Cranberry, 341 Ml;60.51;5919;2098;7452;43;913;4555
714;Peas Snow;899.99;3813;1416;3608;11;343;1612
715;Catfish - Fillets;438.93;5682;1700;2958;53;610;1599
716;Wine - Chablis 2003 Champs;246.99;9591;2100;4854;19;812;2143
717;Ecolab - Hobart Upr Prewash Arm;276.31;1774;5729;3039;72;966;6648
718;Garlic;678.0;9259;3408;125;95;790;7301
719;Uniform Linen Charge;345.38;9387;4773;2762;90;472;3546
720;Sansho Powder;98.3;757;7170;5273;96;157;4325
721;Tea - English Breakfast;939.32;7403;5658;9745;81;330;2067
722;Pork - Caul Fat;845.67;7681;7537;9430;81;842;1457
723;Oats Large Flake;46.84;9064;1768;5450;99;991;4947
724;Huck Towels White;27.64;7591;7958;6140;64;799;6817
725;Wine - Dubouef Macon - Villages;18.9;3647;1834;4094;24;640;6655
726;Sugar - Monocystal / Rock;136.84;590;820;3813;16;305;4076
727;Wine - Ej Gallo Sierra Valley;238.1;7072;7365;2223;65;451;9015
728;Pastry - Key Limepoppy Seed Tea;602.73;7953;6888;4683;63;653;6080
729;Compound - Mocha;586.96;2148;2478;2458;34;753;2534
730;Potatoes - Peeled;146.08;3396;7631;1310;59;262;7676
731;Mayonnaise;177.3;1961;7764;2169;55;692;7752
732;Extract - Almond;159.51;9463;5547;8537;94;407;8420
733;Coffee - Egg Nog Capuccino;872.82;78;7736;2960;41;840;7894
734;Pasta - Shells, Medium, Dry;929.76;3478;3995;7768;92;875;2470
735;Apricots - Dried;338.19;7788;9358;9726;38;199;9338
736;Salmon - Sockeye Raw;837.88;1608;1693;1630;18;348;3755
737;Tea - English Breakfast;572.93;804;9643;7549;27;675;3708
738;Cheese - Gouda;839.85;3725;6214;6477;42;689;9372
739;Soup Campbells - Tomato Bisque;961.85;9411;3903;714;36;402;5733
740;Anchovy In Oil;981.88;218;672;7243;38;448;3662
741;Cardamon Seed / Pod;1.67;547;5852;2395;52;477;8314
742;Lemon Tarts;470.06;1008;1097;810;12;736;5752
743;Peas - Pigeon, Dry;811.46;5888;6052;8015;61;442;6962
744;Carbonated Water - Orange;583.4;8240;9801;850;37;442;5779
745;Beef Wellington;990.39;6035;3858;2424;23;951;5359
746;Carbonated Water - Blackberry;471.78;1317;6170;1851;45;637;1216
747;Beans - Green;494.08;9904;1452;9472;42;544;3982
748;Beef Tenderloin Aaa;516.24;2998;9159;9109;86;517;2870
749;Cup - 3.5oz, Foam;184.96;1334;2609;8668;28;696;1572
750;Cod - Salted, Boneless;187.94;937;1815;6001;47;649;9999
751;Chips - Assorted;997.84;2613;1789;7083;21;332;6623
752;Syrup - Golden, Lyles;689.94;2717;1836;2296;17;741;7939
753;Seedlings - Mix, Organic;71.91;1029;1895;6167;23;493;2542
754;Wine - Cave Springs Dry Riesling;602.99;5116;3659;3371;65;667;1712
755;Sauce - Vodka Blush;736.11;1629;6385;1684;48;340;2011
756;Lobster - Cooked;228.11;4730;9742;9925;30;900;1966
757;Clam - Cherrystone;522.44;1526;4598;3316;37;816;2154
758;Wiberg Cure;175.73;6580;890;9651;61;828;5937
759;Nut - Pecan, Pieces;949.35;963;5553;870;54;870;8973
760;Cinnamon Buns Sticky;711.42;2220;6879;4873;29;288;2970
761;Pants Custom Dry Clean;162.77;8515;1834;7881;44;945;1835
762;Muffin - Blueberry Individual;786.5;4374;8150;9470;75;434;5917
763;Tabasco Sauce, 2 Oz;782.22;9351;556;5700;86;531;7037
764;Wine - Red, Lurton Merlot De;982.11;2349;8300;9242;62;431;1744
765;Chocolate - Liqueur Cups With Foil;559.25;9868;9505;165;44;605;2993
766;Onions - Pearl;316.5;4784;4544;5012;51;365;1628
767;Wine - Beringer Founders Estate;369.07;4408;4828;8195;14;241;8027
768;Cookie - Dough Variety;781.92;4658;3841;9585;40;852;9689
769;Lettuce - Lambs Mash;646.98;9256;744;7970;63;854;1222
770;Beans - Yellow;805.16;4468;8978;7441;26;913;9240
771;Jerusalem Artichoke;989.41;8447;6683;1944;59;376;3146
772;Pasta - Orecchiette;847.27;5810;4476;6891;23;679;1426
773;Mussels - Frozen;527.32;6609;8219;2703;14;676;2525
774;Tea - English Breakfast;797.01;4222;304;2707;35;896;9869
775;Cheese Cloth No 60;58.68;4442;5866;4518;47;694;4437
776;Cookie Trail Mix;47.41;7518;7735;9834;70;299;1808
777;Ham - Procutinni;981.27;3153;3783;932;59;207;5229
778;Bar Nature Valley;731.52;5777;9798;1989;88;818;4208
779;Crab - Blue, Frozen;587.16;7215;1704;6249;100;885;4326
780;Wine - Cave Springs Dry Riesling;170.66;306;6188;1321;64;941;8147
781;Nantucket - Carrot Orange;233.71;8082;2025;2313;66;104;2991
782;Yoplait Drink;852.74;7848;2949;6351;83;558;9441
783;Coffee - Colombian, Portioned;848.4;4697;1851;6946;22;722;8229
784;Muskox - French Rack;320.66;7254;8006;8988;88;875;5501
785;Soupcontfoam16oz 116con;33.41;7444;4738;9283;43;132;5333
786;Table Cloth 62x120 Colour;511.71;5195;8006;7278;93;235;1689
787;Onions - Green;625.06;2807;148;3228;73;150;1080
788;Wine - Savigny - Les - Beaune;733.84;7631;8129;4915;80;401;6806
789;Oil - Olive Bertolli;916.54;9896;5878;4680;25;734;5995
790;Compound - Pear;452.22;6212;4910;9859;40;392;7698
791;Tray - 16in Rnd Blk;503.99;3266;9661;4866;28;871;9941
792;Beef - Ground Lean Fresh;198.91;9138;3204;159;40;991;1661
793;Cheese - Camembert;880.17;2794;7850;9787;28;810;5489
794;Vinegar - Cider;257.92;5321;8910;2210;27;554;3840
795;Vinegar - White;380.6;6573;6417;7295;56;264;8633
796;Country Roll;207.88;4557;1940;1539;90;648;3576
797;Pastry - Chocolate Chip Muffin;686.92;6284;8379;6290;22;432;9973
798;Bread - Rye;99.3;7065;6777;9334;42;678;9721
799;Spice - Chili Powder Mexican;525.0;8937;1555;6006;92;605;8978
800;Wine - Winzer Krems Gruner;835.11;7214;6464;6232;93;225;7665
801;Bagel - Whole White Sesame;943.19;7536;456;978;13;555;2231
802;Muffin Chocolate Individual Wrap;485.85;8543;6031;1301;48;645;4389
803;Beans - Black Bean, Preserved;381.25;1935;5710;4934;41;119;3706
804;Croissant, Raw - Mini;607.41;846;4781;8588;27;458;1418
805;Beef Cheek Fresh;241.83;9064;3646;4710;37;861;9046
806;Honey - Liquid;195.75;791;2714;5552;74;188;9608
807;Bread Crumbs - Japanese Style;129.53;4216;369;887;70;767;1309
808;Syrup - Kahlua Chocolate;484.92;828;1266;1057;49;659;6337
809;Wine - Hardys Bankside Shiraz;759.29;6447;3945;432;59;260;8900
810;Lettuce - Treviso;45.47;9969;865;9844;44;686;1305
811;Milk - Condensed;375.14;1865;1929;9924;55;751;6925
812;Mushroom - Porcini, Dry;76.26;8899;8504;2133;70;944;5762
813;Beef - Tenderloin Tails;130.3;2677;5774;1824;52;638;8221
814;Horseradish Root;459.37;285;5033;4762;48;588;4538
815;Nut - Almond, Blanched, Sliced;189.71;3413;3525;9089;41;644;3821
816;Chicken - Livers;990.44;4282;5957;3290;79;353;1549
817;Calypso - Black Cherry Lemonade;755.11;3308;467;936;70;463;3021
818;Nantucket Pine Orangebanana;622.2;9224;6558;7165;54;222;7926
819;Juice - Ocean Spray Kiwi;866.92;137;1133;8816;10;410;1988
820;Cheese - Wine;352.59;1813;2546;4295;36;612;2353
821;Garbage Bags - Black;683.88;8018;4400;8687;100;546;8143
822;Eggs - Extra Large;934.68;6827;3198;220;49;398;2493
823;Coffee - Irish Cream;978.03;2501;8405;9685;82;945;9808
824;Sauce - Apple, Unsweetened;156.47;4951;4923;4494;48;868;3738
825;Wine - Touraine Azay - Le - Rideau;891.92;9838;2349;6371;46;696;5052
826;Juice - Mango;458.42;4086;2147;7402;94;850;5296
827;Soup - Knorr, Country Bean;917.17;2500;5398;9960;88;758;4240
828;Pasta - Spaghetti, Dry;66.02;4144;5982;6587;26;865;2382
829;Garbage Bag - Clear;792.97;2275;6736;7332;63;457;1536
830;Salmon - Atlantic, No Skin;157.56;3266;6674;8810;49;575;9895
831;Lemons;281.55;2101;111;5542;29;279;8603
832;Pork Salted Bellies;326.65;1373;2881;9156;100;273;6024
833;Nut - Cashews, Whole, Raw;380.81;639;1096;1762;78;783;4629
834;Towel - Roll White;546.9;9942;2119;1391;57;272;1259
835;Plasticspoonblack;394.57;4624;1209;8171;89;131;2837
836;Pike - Frozen Fillet;995.41;4941;1808;1599;40;187;4155
837;Lettuce - Romaine;799.08;7622;3053;7201;52;273;1905
838;Bar - Granola Trail Mix Fruit Nut;272.16;8896;2743;4288;16;628;4708
839;Rum - Light, Captain Morgan;140.71;8812;9345;4171;18;783;8831
840;Amarula Cream;157.28;9606;1078;2227;39;469;3323
841;Bar - Granola Trail Mix Fruit Nut;346.94;431;6234;7770;28;719;9581
842;Lemonade - Strawberry, 591 Ml;303.81;5251;9282;4251;94;250;4257
843;Cookies Oatmeal Raisin;167.38;3867;8502;8831;76;344;2057
844;Appetizer - Southwestern;978.96;8977;7951;638;44;844;7989
845;Tomatoes - Vine Ripe, Red;578.35;2042;8445;7162;98;158;2459
846;Chocolate Bar - Oh Henry;424.26;176;3524;412;44;679;2140
847;Thyme - Fresh;969.06;261;845;5700;94;191;1723
848;Turnip - White;118.66;949;7079;9646;97;459;9681
849;Container - Hngd Cll Blk 7x7x3;414.23;5954;3067;8205;100;347;6569
850;Bread - White, Unsliced;826.98;2736;4699;6623;30;746;8546
851;Dikon;212.18;7221;760;2526;50;379;2398
852;Soup Bowl Clear 8oz92008;10.84;9645;4780;6682;46;737;5649
853;Wine - Shiraz South Eastern;568.93;6869;1271;6003;72;224;1577
854;Hersey Shakes;524.65;9694;5578;149;77;337;3271
855;Icecream - Dstk Super Cone;703.92;1481;7804;1245;19;572;7762
856;Cardamon Seed / Pod;790.18;5839;6697;1664;67;861;6212
857;Cookies - Fortune;793.44;6489;1045;4714;70;457;6384
858;Chicken Thigh - Bone Out;214.94;6624;6565;3843;83;967;6626
859;Calypso - Black Cherry Lemonade;786.89;8660;4566;1622;84;941;5788
860;Lettuce - Romaine, Heart;60.24;3621;3882;169;99;187;7347
861;Flour - Buckwheat, Dark;373.0;6464;9008;1733;86;298;5706
862;Spice - Paprika;246.19;6248;7389;8493;29;183;1932
863;Pur Source;75.41;9694;4025;7439;96;580;8695
864;Garlic - Peeled;867.64;9776;3118;4600;59;743;7229
865;Pastry - Mini French Pastries;10.11;321;6383;8463;62;483;6248
866;Magnotta Bel Paese Red;506.0;4349;574;758;13;234;3900
867;Wine - Magnotta - Red, Baco;370.19;8036;2246;5729;51;259;4022
868;Lettuce - Arugula;312.51;2967;7505;4897;43;513;1140
869;Chicken - Wings, Tip Off;583.39;8020;9922;6601;20;512;5035
870;Doilies - 5, Paper;714.87;2272;4697;9958;17;562;8064
871;Soupfoamcont12oz 112con;880.94;6145;8205;6171;62;439;3127
872;Beer - Sleeman Fine Porter;722.75;4765;986;987;14;709;3359
873;Sour Puss - Tangerine;661.04;5420;7620;1997;84;982;3933
874;Bread - Roll, Soft White Round;740.83;8619;9511;4079;68;886;2360
875;Heavy Duty Dust Pan;982.93;81;3795;793;56;335;8461
876;Corn - Mini;706.47;9211;4619;780;52;937;2511
877;Glove - Cutting;395.3;1864;2175;303;40;250;6634
878;Glove - Cutting;878.59;3938;1126;6234;18;821;2272
879;Kellogs Raisan Bran Bars;582.9;3845;7178;1163;72;444;5328
880;Thyme - Dried;528.59;2075;6860;5566;79;214;1819
881;Whmis Spray Bottle Graduated;642.87;6376;9334;2122;72;628;6407
882;Ham - Proscuitto;206.11;7807;6431;4300;87;157;6433
883;Doilies - 7, Paper;514.57;80;7633;7503;54;954;2096
884;Tart Shells - Savory, 3;940.51;9471;7216;493;91;560;8040
885;Pie Shell - 5;147.66;1129;6293;7547;54;310;1626
886;Rolled Oats;371.43;684;6883;6754;35;487;4329
887;Milk - 2% 250 Ml;998.29;9941;6160;779;30;899;2987
888;Remy Red;92.76;3689;7012;6053;31;488;2025
889;Beer - Sleeman Fine Porter;275.16;1244;1497;5780;34;585;4345
890;Veal Inside - Provimi;199.06;1979;3652;5703;75;352;1924
891;Filo Dough;852.66;2858;9400;9200;10;248;4809
892;Soup - Knorr, Chicken Gumbo;744.89;6125;2336;2466;74;667;6006
893;Soup - Campbells, Creamy;215.0;3075;704;9127;88;543;3597
894;Energy Drink;769.26;9690;3007;2304;26;344;1207
895;Gatorade - Cool Blue Raspberry;508.99;3748;3766;3123;39;109;8194
896;Wine - Cousino Macul Antiguas;403.04;5001;8396;1290;73;202;2966
897;Pastry - Chocolate Chip Muffin;526.68;6952;7688;8495;73;269;5823
898;Arctic Char - Fillets;478.45;47;8451;9096;80;882;8371
899;Wine - Red, Mouton Cadet;762.17;3378;6597;6314;85;122;6938
900;Bread - Malt;431.81;8383;7018;9835;68;384;2268
901;Bread - 10 Grain;123.01;4273;163;5428;58;124;9368
902;Tequila Rose Cream Liquor;482.41;4437;4853;4490;53;974;3712
903;Strawberries;285.74;8373;5129;6006;36;608;6835
904;Soup - Campbells, Minestrone;103.36;2281;581;4850;16;455;8840
905;Plaintain;154.69;2959;5036;9694;60;148;8491
906;Soup Campbells Mexicali Tortilla;907.51;2909;1874;7368;84;240;8317
907;Cheese - Cottage Cheese;154.86;2735;1933;1452;96;436;6641
908;Pepper - Julienne, Frozen;877.32;2462;5684;5478;81;482;1211
909;Calypso - Pineapple Passion;403.76;5058;5990;9825;96;549;2439
910;Bouq All Italian - Primerba;848.34;3243;454;6312;27;576;5224
911;Pepper - Chili Powder;56.59;9516;2026;8717;94;800;8764
912;Plate Pie Foil;834.57;6205;430;1815;94;834;5044
913;Wine - Ej Gallo Sierra Valley;302.76;9089;6168;1135;64;842;6615
914;Rappini - Andy Boy;594.8;5762;3829;4297;70;237;5411
915;Haggis;718.17;7812;9133;6993;79;740;4214
916;Wine - Chianti Classica Docg;197.38;8441;6663;7418;34;457;3989
917;Towel - Roll White;262.32;1364;4958;6548;59;424;7930
918;Soup - Campbells Asian Noodle;688.27;7434;7535;2769;38;841;7990
919;Cheese - Swiss;718.22;5997;7070;1540;53;957;3418
920;Veal - Slab Bacon;352.18;3197;1540;708;17;732;4872
921;Pepper - Red Chili;541.27;5772;2495;2083;65;882;7772
922;Rosemary - Primerba, Paste;903.89;2991;5379;1020;61;282;6369
923;Lobster - Tail, 3 - 4 Oz;901.94;8736;4930;3002;39;745;9000
924;Nantucket - 518ml;757.59;2237;6686;5005;80;521;5962
925;Wine - Pinot Noir Stoneleigh;199.29;8811;8724;4312;60;816;4148
926;Tomatoes - Hot House;547.29;1181;5123;3690;33;448;7566
927;Parsley - Dried;293.77;3463;4718;3122;32;498;6819
928;Pastry - Cheese Baked Scones;496.04;7507;8937;8781;19;211;7380
929;Beef - Tender Tips;701.62;9968;122;1750;47;119;4186
930;Pie Shells 10;896.83;4217;8631;960;56;457;1363
931;Chives - Fresh;975.09;5685;9235;6336;46;523;5387
932;Cookie Double Choco;28.93;4929;8548;8070;21;948;1670
933;Steampan - Half Size Shallow;254.11;3303;2024;4329;46;683;3224
934;Mushroom - Morel Frozen;997.98;588;1635;1655;94;957;6494
935;Container Clear 8 Oz;279.84;423;2273;1782;10;953;5013
936;Oil - Olive Bertolli;722.66;3474;1411;7982;93;687;6447
937;Corn Kernels - Frozen;759.8;3127;8236;6300;72;484;3556
938;Sherry - Dry;76.45;9733;693;2817;72;993;9163
939;Spinach - Baby;255.22;9258;7625;220;69;432;4690
940;Wine - Red, Harrow Estates, Cab;474.98;7792;7044;2562;68;307;9672
941;Hersey Shakes;442.44;2422;1378;4671;15;636;2931
942;Ham - Smoked, Bone - In;979.63;4359;8920;1743;10;479;9442
943;Wine - Conde De Valdemar;905.16;4662;2540;1493;65;803;2993
944;Scrubbie - Scotchbrite Hand Pad;244.04;4099;2046;9838;19;858;8355
945;Pastry - Baked Cinnamon Stick;925.79;9416;4438;4917;50;642;8747
946;Extract - Vanilla,artificial;936.74;4089;2504;3998;23;677;9634
947;Bay Leaf;289.65;1728;6346;6740;47;131;7211
948;Gelatine Leaves - Envelopes;326.07;5717;8805;9090;20;102;9995
949;Coffee - Irish Cream;957.51;6679;2836;8467;50;205;8002
950;Chef Hat 20cm;614.86;956;6482;3866;17;630;6016
951;Yogurt - Cherry, 175 Gr;933.45;487;5452;6630;60;668;2172
952;Chips - Doritos;632.84;853;3188;6720;77;650;2669
953;Steampan - Half Size Shallow;345.99;9879;4485;8895;38;313;2445
954;Coffee - Egg Nog Capuccino;707.74;1066;8539;5077;57;895;6433
955;Olives - Morracan Dired;216.5;770;6491;8809;56;543;9739
956;Chocolate - Semi Sweet, Calets;478.55;3716;9398;2792;98;102;5135
957;Wine - Cava Aria Estate Brut;345.78;866;2131;6654;19;810;3431
958;Carrots - Purple, Organic;784.05;496;2392;9440;18;156;7050
959;Beef - Tongue, Cooked;618.12;3607;4267;1161;88;923;6930
960;V8 Splash Strawberry Banana;963.83;9859;8468;7801;83;939;4295
961;Wine - Touraine Azay - Le - Rideau;654.53;9491;3274;7472;30;582;9868
962;Soy Protein;138.76;1295;7188;6389;63;823;2340
963;Soup - Campbells Broccoli;911.18;9492;3578;1871;31;987;2968
964;Ice Cream Bar - Oreo Cone;954.49;1493;4965;4537;13;308;4184
965;Shrimp - Tiger 21/25;353.72;8210;8091;9723;74;821;2923
966;Bouq All Italian - Primerba;29.49;9186;4247;4444;44;341;5495
967;Beef Tenderloin Aaa;495.33;4700;9332;1347;34;551;9081
968;Cauliflower;183.87;5421;563;8986;27;843;8144
969;Beef Ground Medium;606.76;4828;7970;3678;73;851;1157
970;Wine - Jafflin Bourgongone;463.84;8665;1491;1933;45;759;3157
971;Hipnotiq Liquor;585.98;6054;449;4288;30;354;2413
972;Tart Shells - Savory, 2;616.78;6272;199;9862;83;540;4361
973;Wine - Casablanca Valley;404.28;568;2739;2436;21;204;2392
974;Wine - Bouchard La Vignee Pinot;495.15;4758;3858;8937;15;541;8175
975;Cheese - Shred Cheddar / Mozza;926.68;6810;6885;6185;79;580;3390
976;Coriander - Ground;51.01;9361;1270;8009;38;257;8124
977;Rice Paper;233.51;4504;7149;5958;82;331;7463
978;Ice Cream Bar - Oreo Sandwich;45.34;2400;1881;7269;43;665;8192
979;Extract - Raspberry;66.12;7015;8497;9699;64;113;8901
980;Vinegar - Balsamic, White;436.55;9299;8245;4784;52;217;1124
981;Chicken - Wings, Tip Off;41.93;6946;3513;5773;61;385;9267
982;Absolut Citron;280.06;254;4987;7591;49;370;1319
983;Beef - Cow Feet Split;218.81;7150;8177;4434;85;403;4489
984;Bread - Frozen Basket Variety;110.95;6199;6035;7235;48;738;4776
985;Pie Shell - 9;483.38;915;9858;9706;95;178;8552
986;Table Cloth - 53x69 Colour;634.55;1639;9748;2962;57;882;3279
987;Sage Derby;929.26;1577;1113;2021;29;387;9420
988;Tarragon - Fresh;795.86;9377;3852;8712;47;656;9149
989;Parsley - Fresh;342.39;7070;3360;5707;31;879;4072
990;Wine - Guy Sage Touraine;916.44;6376;628;3662;20;586;1780
991;Peas Snow;220.1;4378;5535;5890;36;936;6114
992;Blouse / Shirt / Sweater;214.7;9331;6813;3096;28;263;8815
993;Yams;562.05;4218;3582;7567;21;128;5902
994;Galliano;39.42;4551;6319;5547;80;900;2511
995;Curry Powder;643.2;3220;5723;6731;90;160;7224
996;Chocolate - Chips Compound;60.79;3448;9820;4647;28;603;3404
997;Baking Powder;815.22;8775;9831;6868;10;535;7061
998;Seaweed Green Sheets;742.17;675;3981;2173;46;173;6421
999;Lettuce - California Mix;97.1;8926;3295;2366;32;673;7804
1000;Pan Grease;852.56;2564;4600;1321;14;650;6311
